Comment,Designator,Footprint,JLCPCB Part #
RP2040,U1,QFN-56-1EP_7x7mm_P0.4mm_EP3.2x3.2mm,
W25Q16JVSSIQ,U2,SOIC-8_5.3x5.3mm_P1.27mm,C82317
XC6206P332MR-G,U3,SOT-23-3,C5446
USBLC6-2SC6,U4,SOT-23-6,
"Crystal 12MHz 3225 12pF",Y1,Crystal_SMD_3225-4Pin_3.2x2.5mm,C518158
USB4105-GF-A,J2,GCT_USB4105-GF-A,
0402L050SLKR,F1,Fuse_0402_1005Metric,C206938
"Resistor 1k 0402","R1,R2",C_0402_1005Metric,
"Resistor 27R 0402","R3,R4",C_0402_1005Metric,
"Resistor 5.1k 0402","R5,R6",C_0402_1005Metric,
"Capacitor 0.1uF 0402","C1,C2,C3,C4,C5,C6,C7,C8,C9,C10",C_0402_1005Metric,
"Capacitor 15pF 0402","C11,C12",C_0402_1005Metric,
"Capacitor 1uF 0603","C13,C14,C15,C16",C_0603_1608Metric,
"Capacitor 10uF 0603",C17,C_0603_1608Metric,
1N4148W,"D1,D2,D3,D4,D5,D6,D7,D8,D9,D10,D11,D12,D13,D14,D15,D16,D17,D18,D19,D20,D21,D22,D23,D24,D25,D26,D27,D28,D29,D30,D31,D32,D33,D34,D35,D36,D37,D38,D39,D40,D41,D42,D43,D44,D45,D46,D47,D48,D49,D50,D51,D52,D53,D54,D55,D56,D57,D58,D59,D60,D61,D62,D63,D64,D65,D66,D67,D68,D69,D70,D71,D72,D73,D74,D75,D76,D77,D78,D79,D80,D81,D82,D83,D84",D_SOD-123,C84367
CPG151101S11-16,"SW1,SW2,SW3,SW4,SW5,SW6,SW7,SW8,SW9,SW10,SW11,SW12,SW13,SW14,SW15,SW16,SW17,SW18,SW19,SW20,SW21,SW22,SW23,SW24,SW25,SW26,SW27,SW28,SW29,SW30,SW31,SW32,SW33,SW34,SW35,SW36,SW37,SW38,SW39,SW40,SW41,SW42,SW43,SW44,SW45,SW46,SW47,SW48,SW49,SW50,SW51,SW52,SW53,SW54,SW55,SW56,SW57,SW58,SW59,SW60,SW61,SW62,SW63,SW64,SW65,SW66,SW67,SW68,SW69,SW70,SW71,SW72,SW73,SW74,SW75,SW76,SW77,SW78,SW79,SW80,SW81,SW82,SW83,SW84",SW_MX_HS_CPG151101S11_1u,C9900155050
RS-282G05A3-SM RT,SW85,SW_SPST_CK_RS282G05A3,
