"Designator","Mid X (mm)","Mid Y (mm)","Layer","Rotation"
"C1","117.020000","-125.500000","Bottom","180.000000"
"C2","117.773881","-143.874903","Bottom","-90.000000"
"C3","123.000000","-144.000000","Bottom","90.000000"
"C4","106.192102","-135.035430","Bottom","180.000000"
"C5","106.129048","-132.587749","Bottom","180.000000"
"C6","105.649587","-133.802028","Bottom","180.000000"
"C7","113.071127","-131.832411","Bottom","0.000000"
"C8","57.725000","-45.000000","Bottom","180.000000"
"C9","116.082119","-134.783278","Bottom","45.000000"
"C10","116.020000","-139.000000","Bottom","0.000000"
"C11","105.718553","-136.862211","Bottom","180.000000"
"C12","105.244956","-139.843088","Bottom","180.000000"
"C13","108.000000","-132.520000","Bottom","90.000000"
"C14","117.002668","-135.248047","Bottom","45.000000"
"C15","110.194622","-143.752523","Bottom","-90.000000"
"C16","61.000000","-43.500000","Bottom","0.000000"
"C17","64.063575","-44.353394","Bottom","0.000000"
"D1","176.450000","-40.850000","Bottom","180.000000"
"D2","157.400000","-40.850000","Bottom","180.000000"
"D3","138.350000","-40.850000","Bottom","180.000000"
"D4","119.300000","-40.850000","Bottom","180.000000"
"D5","100.250000","-40.850000","Bottom","180.000000"
"D6","81.200000","-40.850000","Bottom","180.000000"
"D7","62.150000","-41.500000","Bottom","180.000000"
"D8","43.100000","-40.850000","Bottom","180.000000"
"D9","328.850000","-40.850000","Bottom","180.000000"
"D10","309.800000","-40.850000","Bottom","180.000000"
"D11","290.750000","-40.850000","Bottom","180.000000"
"D12","271.700000","-40.850000","Bottom","180.000000"
"D13","252.650000","-40.850000","Bottom","180.000000"
"D14","233.600000","-40.850000","Bottom","180.000000"
"D15","214.550000","-40.850000","Bottom","180.000000"
"D16","195.500000","-40.850000","Bottom","180.000000"
"D17","300.275000","-59.900000","Bottom","180.000000"
"D18","271.700000","-59.900000","Bottom","180.000000"
"D19","252.650000","-59.900000","Bottom","180.000000"
"D20","233.600000","-59.900000","Bottom","180.000000"
"D21","214.550000","-59.900000","Bottom","180.000000"
"D22","195.500000","-59.900000","Bottom","180.000000"
"D23","176.450000","-59.900000","Bottom","180.000000"
"D24","157.400000","-59.900000","Bottom","180.000000"
"D25","138.350000","-59.900000","Bottom","180.000000"
"D26","119.300000","-59.900000","Bottom","180.000000"
"D27","100.250000","-59.900000","Bottom","180.000000"
"D28","81.200000","-59.900000","Bottom","180.000000"
"D29","62.150000","-59.900000","Bottom","180.000000"
"D30","43.100000","-59.900000","Bottom","180.000000"
"D31","328.850000","-59.900000","Bottom","180.000000"
"D32","224.075000","-78.950000","Bottom","180.000000"
"D33","205.025000","-78.950000","Bottom","180.000000"
"D34","185.975000","-78.950000","Bottom","180.000000"
"D35","166.925000","-78.950000","Bottom","180.000000"
"D36","147.875000","-78.950000","Bottom","180.000000"
"D37","128.825000","-78.950000","Bottom","180.000000"
"D38","109.775000","-78.950000","Bottom","180.000000"
"D39","90.725000","-78.950000","Bottom","180.000000"
"D40","71.675000","-78.950000","Bottom","180.000000"
"D41","47.862500","-78.950000","Bottom","180.000000"
"D42","262.175000","-78.950000","Bottom","180.000000"
"D43","243.125000","-78.950000","Bottom","180.000000"
"D44","305.037500","-78.950000","Bottom","180.000000"
"D45","281.225000","-78.950000","Bottom","180.000000"
"D46","328.850000","-78.950000","Bottom","180.000000"
"D47","190.737500","-98.000000","Bottom","180.000000"
"D48","171.687500","-98.000000","Bottom","180.000000"
"D49","152.637500","-98.000000","Bottom","180.000000"
"D50","133.587500","-98.000000","Bottom","180.000000"
"D51","114.537500","-98.000000","Bottom","180.000000"
"D52","95.487500","-98.000000","Bottom","180.000000"
"D53","76.437500","-98.000000","Bottom","180.000000"
"D54","50.243750","-98.000000","Bottom","180.000000"
"D55","266.937500","-98.000000","Bottom","180.000000"
"D56","247.887500","-98.000000","Bottom","180.000000"
"D57","228.837500","-98.000000","Bottom","180.000000"
"D58","209.787500","-98.000000","Bottom","180.000000"
"D59","297.893750","-98.000000","Bottom","180.000000"
"D60","328.850000","-98.000000","Bottom","180.000000"
"D61","200.262500","-117.050000","Bottom","180.000000"
"D62","181.212500","-117.050000","Bottom","180.000000"
"D63","162.162500","-117.050000","Bottom","180.000000"
"D64","143.112500","-117.050000","Bottom","180.000000"
"D65","124.062500","-117.050000","Bottom","180.000000"
"D66","105.012500","-117.050000","Bottom","180.000000"
"D67","85.962500","-117.050000","Bottom","180.000000"
"D68","55.006250","-117.050000","Bottom","180.000000"
"D69","283.606250","-117.050000","Bottom","180.000000"
"D70","257.412500","-117.050000","Bottom","180.000000"
"D71","238.362500","-117.050000","Bottom","180.000000"
"D72","219.312500","-117.050000","Bottom","180.000000"
"D73","309.800000","-117.050000","Bottom","180.000000"
"D74","328.850000","-117.050000","Bottom","180.000000"
"D75","45.481250","-136.100000","Bottom","180.000000"
"D76","69.293750","-136.100000","Bottom","180.000000"
"D77","93.106250","-136.100000","Bottom","180.000000"
"D78","164.543750","-136.100000","Bottom","180.000000"
"D79","233.600000","-136.100000","Bottom","180.000000"
"D80","252.650000","-136.100000","Bottom","180.000000"
"D81","328.850000","-136.100000","Bottom","180.000000"
"D82","309.800000","-136.100000","Bottom","180.000000"
"D83","290.750000","-136.100000","Bottom","180.000000"
"D84","271.700000","-136.100000","Bottom","180.000000"
"F1","60.515000","-35.500000","Bottom","180.000000"
"J2","63.600000","-25.745000","Bottom","0.000000"
"R1","111.179769","-143.750321","Bottom","-90.000000"
"R2","126.500000","-126.000000","Bottom","-90.000000"
"R3","109.002894","-133.020000","Bottom","-90.000000"
"R4","110.000000","-132.770540","Bottom","-90.000000"
"R5","62.484379","-35.291720","Bottom","90.000000"
"R6","65.920995","-35.255271","Bottom","-90.000000"
"SW1","38.100000","-38.100000","Bottom","180.000000"
"SW2","57.150000","-38.100000","Bottom","-90.000000"
"SW3","76.200000","-38.100000","Bottom","180.000000"
"SW4","95.250000","-38.100000","Bottom","180.000000"
"SW5","114.300000","-38.100000","Bottom","180.000000"
"SW6","133.350000","-38.100000","Bottom","180.000000"
"SW7","152.400000","-38.100000","Bottom","180.000000"
"SW8","171.450000","-38.100000","Bottom","180.000000"
"SW9","190.500000","-38.100000","Bottom","180.000000"
"SW10","209.550000","-38.100000","Bottom","180.000000"
"SW11","228.600000","-38.100000","Bottom","180.000000"
"SW12","247.650000","-38.100000","Bottom","180.000000"
"SW13","266.700000","-38.100000","Bottom","180.000000"
"SW14","285.750000","-38.100000","Bottom","180.000000"
"SW15","304.800000","-38.100000","Bottom","180.000000"
"SW16","323.850000","-38.100000","Bottom","180.000000"
"SW17","38.100000","-57.150000","Bottom","180.000000"
"SW18","57.150000","-57.150000","Bottom","180.000000"
"SW19","76.200000","-57.150000","Bottom","180.000000"
"SW20","95.250000","-57.150000","Bottom","180.000000"
"SW21","114.300000","-57.150000","Bottom","180.000000"
"SW22","133.350000","-57.150000","Bottom","180.000000"
"SW23","152.400000","-57.150000","Bottom","180.000000"
"SW24","171.450000","-57.150000","Bottom","180.000000"
"SW25","190.500000","-57.150000","Bottom","180.000000"
"SW26","209.550000","-57.150000","Bottom","180.000000"
"SW27","228.600000","-57.150000","Bottom","180.000000"
"SW28","247.650000","-57.150000","Bottom","180.000000"
"SW29","266.700000","-57.150000","Bottom","180.000000"
"SW30","295.275000","-57.150000","Bottom","180.000000"
"SW31","323.850000","-57.150000","Bottom","180.000000"
"SW32","42.862500","-76.200000","Bottom","180.000000"
"SW33","66.675000","-76.200000","Bottom","180.000000"
"SW34","85.725000","-76.200000","Bottom","180.000000"
"SW35","104.775000","-76.200000","Bottom","180.000000"
"SW36","123.825000","-76.200000","Bottom","180.000000"
"SW37","142.875000","-76.200000","Bottom","180.000000"
"SW38","161.925000","-76.200000","Bottom","180.000000"
"SW39","180.975000","-76.200000","Bottom","180.000000"
"SW40","200.025000","-76.200000","Bottom","180.000000"
"SW41","219.075000","-76.200000","Bottom","180.000000"
"SW42","238.125000","-76.200000","Bottom","180.000000"
"SW43","257.175000","-76.200000","Bottom","180.000000"
"SW44","276.225000","-76.200000","Bottom","180.000000"
"SW45","300.037500","-76.200000","Bottom","180.000000"
"SW46","323.850000","-76.200000","Bottom","180.000000"
"SW47","45.243750","-95.250000","Bottom","180.000000"
"SW48","71.437500","-95.250000","Bottom","180.000000"
"SW49","90.487500","-95.250000","Bottom","180.000000"
"SW50","109.537500","-95.250000","Bottom","180.000000"
"SW51","128.587500","-95.250000","Bottom","180.000000"
"SW52","147.637500","-95.250000","Bottom","180.000000"
"SW53","166.687500","-95.250000","Bottom","180.000000"
"SW54","185.737500","-95.250000","Bottom","180.000000"
"SW55","204.787500","-95.250000","Bottom","180.000000"
"SW56","223.837500","-95.250000","Bottom","180.000000"
"SW57","242.887500","-95.250000","Bottom","180.000000"
"SW58","261.937500","-95.250000","Bottom","180.000000"
"SW59","292.893750","-95.250000","Bottom","180.000000"
"SW60","323.850000","-95.250000","Bottom","180.000000"
"SW61","50.006250","-114.300000","Bottom","180.000000"
"SW62","80.962500","-114.300000","Bottom","180.000000"
"SW63","100.012500","-114.300000","Bottom","180.000000"
"SW64","119.062500","-114.300000","Bottom","180.000000"
"SW65","138.112500","-114.300000","Bottom","180.000000"
"SW66","157.162500","-114.300000","Bottom","180.000000"
"SW67","176.212500","-114.300000","Bottom","180.000000"
"SW68","195.262500","-114.300000","Bottom","180.000000"
"SW69","214.312500","-114.300000","Bottom","180.000000"
"SW70","233.362500","-114.300000","Bottom","180.000000"
"SW71","252.412500","-114.300000","Bottom","180.000000"
"SW72","278.606250","-114.300000","Bottom","180.000000"
"SW73","304.800000","-114.300000","Bottom","180.000000"
"SW74","323.850000","-114.300000","Bottom","180.000000"
"SW75","40.481250","-133.350000","Bottom","180.000000"
"SW76","64.293750","-133.350000","Bottom","180.000000"
"SW77","88.106250","-133.350000","Bottom","180.000000"
"SW78","159.543750","-133.350000","Bottom","180.000000"
"SW79","228.600000","-133.350000","Bottom","180.000000"
"SW80","247.650000","-133.350000","Bottom","180.000000"
"SW81","266.700000","-133.350000","Bottom","180.000000"
"SW82","285.750000","-133.350000","Bottom","180.000000"
"SW83","304.800000","-133.350000","Bottom","180.000000"
"SW84","323.850000","-133.350000","Bottom","180.000000"
"SW85","132.100000","-126.000000","Bottom","0.000000"
"U1","110.900000","-138.562500","Bottom","180.000000"
"U2","121.000000","-128.500000","Bottom","180.000000"
"U3","61.500000","-46.000000","Bottom","0.000000"
"U4","64.172226","-37.701902","Bottom","180.000000"
"Y1","120.400000","-144.150000","Bottom","0.000000"
