Ref,Val,Package,PosX,PosY,Rot,Side
"C1","0.1uF","C_0402_1005Metric",117.020000,-125.500000,180.000000,bottom
"C2","15pF","C_0402_1005Metric",117.773881,-143.874903,-90.000000,bottom
"C3","15pF","C_0402_1005Metric",123.000000,-144.000000,90.000000,bottom
"C4","0.1uF","C_0402_1005Metric",106.192102,-135.035430,180.000000,bottom
"C5","0.1uF","C_0402_1005Metric",106.129048,-132.587749,180.000000,bottom
"C6","1uF","C_0603_1608Metric",105.649587,-133.802028,180.000000,bottom
"C7","1uF","C_0603_1608Metric",113.071127,-131.832411,0.000000,bottom
"C8","10uF","C_0603_1608Metric",57.725000,-45.000000,180.000000,bottom
"C9","0.1uF","C_0402_1005Metric",116.082119,-134.783278,45.000000,bottom
"C10","0.1uF","C_0402_1005Metric",116.020000,-139.000000,0.000000,bottom
"C11","0.1uF","C_0402_1005Metric",105.718553,-136.862211,180.000000,bottom
"C12","0.1uF","C_0402_1005Metric",105.244956,-139.843088,180.000000,bottom
"C13","0.1uF","C_0402_1005Metric",108.000000,-132.520000,90.000000,bottom
"C14","0.1uF","C_0402_1005Metric",117.002668,-135.248047,45.000000,bottom
"C15","0.1uF","C_0402_1005Metric",110.194622,-143.752523,-90.000000,bottom
"C16","1uF","C_0603_1608Metric",61.000000,-43.500000,0.000000,bottom
"C17","1uF","C_0603_1608Metric",64.063575,-44.353394,0.000000,bottom
"D1","1N4148W","D_SOD-123",176.450000,-40.850000,180.000000,bottom
"D2","1N4148W","D_SOD-123",157.400000,-40.850000,180.000000,bottom
"D3","1N4148W","D_SOD-123",138.350000,-40.850000,180.000000,bottom
"D4","1N4148W","D_SOD-123",119.300000,-40.850000,180.000000,bottom
"D5","1N4148W","D_SOD-123",100.250000,-40.850000,180.000000,bottom
"D6","1N4148W","D_SOD-123",81.200000,-40.850000,180.000000,bottom
"D7","1N4148W","D_SOD-123",62.150000,-41.500000,180.000000,bottom
"D8","1N4148W","D_SOD-123",43.100000,-40.850000,180.000000,bottom
"D9","1N4148W","D_SOD-123",328.850000,-40.850000,180.000000,bottom
"D10","1N4148W","D_SOD-123",309.800000,-40.850000,180.000000,bottom
"D11","1N4148W","D_SOD-123",290.750000,-40.850000,180.000000,bottom
"D12","1N4148W","D_SOD-123",271.700000,-40.850000,180.000000,bottom
"D13","1N4148W","D_SOD-123",252.650000,-40.850000,180.000000,bottom
"D14","1N4148W","D_SOD-123",233.600000,-40.850000,180.000000,bottom
"D15","1N4148W","D_SOD-123",214.550000,-40.850000,180.000000,bottom
"D16","1N4148W","D_SOD-123",195.500000,-40.850000,180.000000,bottom
"D17","1N4148W","D_SOD-123",300.275000,-59.900000,180.000000,bottom
"D18","1N4148W","D_SOD-123",271.700000,-59.900000,180.000000,bottom
"D19","1N4148W","D_SOD-123",252.650000,-59.900000,180.000000,bottom
"D20","1N4148W","D_SOD-123",233.600000,-59.900000,180.000000,bottom
"D21","1N4148W","D_SOD-123",214.550000,-59.900000,180.000000,bottom
"D22","1N4148W","D_SOD-123",195.500000,-59.900000,180.000000,bottom
"D23","1N4148W","D_SOD-123",176.450000,-59.900000,180.000000,bottom
"D24","1N4148W","D_SOD-123",157.400000,-59.900000,180.000000,bottom
"D25","1N4148W","D_SOD-123",138.350000,-59.900000,180.000000,bottom
"D26","1N4148W","D_SOD-123",119.300000,-59.900000,180.000000,bottom
"D27","1N4148W","D_SOD-123",100.250000,-59.900000,180.000000,bottom
"D28","1N4148W","D_SOD-123",81.200000,-59.900000,180.000000,bottom
"D29","1N4148W","D_SOD-123",62.150000,-59.900000,180.000000,bottom
"D30","1N4148W","D_SOD-123",43.100000,-59.900000,180.000000,bottom
"D31","1N4148W","D_SOD-123",328.850000,-59.900000,180.000000,bottom
"D32","1N4148W","D_SOD-123",224.075000,-78.950000,180.000000,bottom
"D33","1N4148W","D_SOD-123",205.025000,-78.950000,180.000000,bottom
"D34","1N4148W","D_SOD-123",185.975000,-78.950000,180.000000,bottom
"D35","1N4148W","D_SOD-123",166.925000,-78.950000,180.000000,bottom
"D36","1N4148W","D_SOD-123",147.875000,-78.950000,180.000000,bottom
"D37","1N4148W","D_SOD-123",128.825000,-78.950000,180.000000,bottom
"D38","1N4148W","D_SOD-123",109.775000,-78.950000,180.000000,bottom
"D39","1N4148W","D_SOD-123",90.725000,-78.950000,180.000000,bottom
"D40","1N4148W","D_SOD-123",71.675000,-78.950000,180.000000,bottom
"D41","1N4148W","D_SOD-123",47.862500,-78.950000,180.000000,bottom
"D42","1N4148W","D_SOD-123",262.175000,-78.950000,180.000000,bottom
"D43","1N4148W","D_SOD-123",243.125000,-78.950000,180.000000,bottom
"D44","1N4148W","D_SOD-123",305.037500,-78.950000,180.000000,bottom
"D45","1N4148W","D_SOD-123",281.225000,-78.950000,180.000000,bottom
"D46","1N4148W","D_SOD-123",328.850000,-78.950000,180.000000,bottom
"D47","1N4148W","D_SOD-123",190.737500,-98.000000,180.000000,bottom
"D48","1N4148W","D_SOD-123",171.687500,-98.000000,180.000000,bottom
"D49","1N4148W","D_SOD-123",152.637500,-98.000000,180.000000,bottom
"D50","1N4148W","D_SOD-123",133.587500,-98.000000,180.000000,bottom
"D51","1N4148W","D_SOD-123",114.537500,-98.000000,180.000000,bottom
"D52","1N4148W","D_SOD-123",95.487500,-98.000000,180.000000,bottom
"D53","1N4148W","D_SOD-123",76.437500,-98.000000,180.000000,bottom
"D54","1N4148W","D_SOD-123",50.243750,-98.000000,180.000000,bottom
"D55","1N4148W","D_SOD-123",266.937500,-98.000000,180.000000,bottom
"D56","1N4148W","D_SOD-123",247.887500,-98.000000,180.000000,bottom
"D57","1N4148W","D_SOD-123",228.837500,-98.000000,180.000000,bottom
"D58","1N4148W","D_SOD-123",209.787500,-98.000000,180.000000,bottom
"D59","1N4148W","D_SOD-123",297.893750,-98.000000,180.000000,bottom
"D60","1N4148W","D_SOD-123",328.850000,-98.000000,180.000000,bottom
"D61","1N4148W","D_SOD-123",200.262500,-117.050000,180.000000,bottom
"D62","1N4148W","D_SOD-123",181.212500,-117.050000,180.000000,bottom
"D63","1N4148W","D_SOD-123",162.162500,-117.050000,180.000000,bottom
"D64","1N4148W","D_SOD-123",143.112500,-117.050000,180.000000,bottom
"D65","1N4148W","D_SOD-123",124.062500,-117.050000,180.000000,bottom
"D66","1N4148W","D_SOD-123",105.012500,-117.050000,180.000000,bottom
"D67","1N4148W","D_SOD-123",85.962500,-117.050000,180.000000,bottom
"D68","1N4148W","D_SOD-123",55.006250,-117.050000,180.000000,bottom
"D69","1N4148W","D_SOD-123",283.606250,-117.050000,180.000000,bottom
"D70","1N4148W","D_SOD-123",257.412500,-117.050000,180.000000,bottom
"D71","1N4148W","D_SOD-123",238.362500,-117.050000,180.000000,bottom
"D72","1N4148W","D_SOD-123",219.312500,-117.050000,180.000000,bottom
"D73","1N4148W","D_SOD-123",309.800000,-117.050000,180.000000,bottom
"D74","1N4148W","D_SOD-123",328.850000,-117.050000,180.000000,bottom
"D75","1N4148W","D_SOD-123",45.481250,-136.100000,180.000000,bottom
"D76","1N4148W","D_SOD-123",69.293750,-136.100000,180.000000,bottom
"D77","1N4148W","D_SOD-123",93.106250,-136.100000,180.000000,bottom
"D78","1N4148W","D_SOD-123",164.543750,-136.100000,180.000000,bottom
"D79","1N4148W","D_SOD-123",233.600000,-136.100000,180.000000,bottom
"D80","1N4148W","D_SOD-123",252.650000,-136.100000,180.000000,bottom
"D81","1N4148W","D_SOD-123",328.850000,-136.100000,180.000000,bottom
"D82","1N4148W","D_SOD-123",309.800000,-136.100000,180.000000,bottom
"D83","1N4148W","D_SOD-123",290.750000,-136.100000,180.000000,bottom
"D84","1N4148W","D_SOD-123",271.700000,-136.100000,180.000000,bottom
"F1","500mA","Fuse_0402_1005Metric",60.515000,-35.500000,180.000000,bottom
"J2","USB-C","GCT_USB4105-GF-A",63.600000,-25.745000,0.000000,bottom
"R1","1K","C_0402_1005Metric",111.179769,-143.750321,-90.000000,bottom
"R2","1K","C_0402_1005Metric",126.500000,-126.000000,-90.000000,bottom
"R3","27R","C_0402_1005Metric",109.002894,-133.020000,-90.000000,bottom
"R4","27R","C_0402_1005Metric",110.000000,-132.770540,-90.000000,bottom
"R5","5.1K","C_0402_1005Metric",62.484379,-35.291720,90.000000,bottom
"R6","5.1K","C_0402_1005Metric",65.920995,-35.255271,-90.000000,bottom
"SW1","SW_Push","SW_MX_HS_CPG151101S11_1u",38.100000,-38.100000,180.000000,bottom
"SW2","SW_Push","SW_MX_HS_CPG151101S11_1u",57.150000,-38.100000,-90.000000,bottom
"SW3","SW_Push","SW_MX_HS_CPG151101S11_1u",76.200000,-38.100000,180.000000,bottom
"SW4","SW_Push","SW_MX_HS_CPG151101S11_1u",95.250000,-38.100000,180.000000,bottom
"SW5","SW_Push","SW_MX_HS_CPG151101S11_1u",114.300000,-38.100000,180.000000,bottom
"SW6","SW_Push","SW_MX_HS_CPG151101S11_1u",133.350000,-38.100000,180.000000,bottom
"SW7","SW_Push","SW_MX_HS_CPG151101S11_1u",152.400000,-38.100000,180.000000,bottom
"SW8","SW_Push","SW_MX_HS_CPG151101S11_1u",171.450000,-38.100000,180.000000,bottom
"SW9","SW_Push","SW_MX_HS_CPG151101S11_1u",190.500000,-38.100000,180.000000,bottom
"SW10","SW_Push","SW_MX_HS_CPG151101S11_1u",209.550000,-38.100000,180.000000,bottom
"SW11","SW_Push","SW_MX_HS_CPG151101S11_1u",228.600000,-38.100000,180.000000,bottom
"SW12","SW_Push","SW_MX_HS_CPG151101S11_1u",247.650000,-38.100000,180.000000,bottom
"SW13","SW_Push","SW_MX_HS_CPG151101S11_1u",266.700000,-38.100000,180.000000,bottom
"SW14","SW_Push","SW_MX_HS_CPG151101S11_1u",285.750000,-38.100000,180.000000,bottom
"SW15","SW_Push","SW_MX_HS_CPG151101S11_1u",304.800000,-38.100000,180.000000,bottom
"SW16","SW_Push","SW_MX_HS_CPG151101S11_1u",323.850000,-38.100000,180.000000,bottom
"SW17","SW_Push","SW_MX_HS_CPG151101S11_1u",38.100000,-57.150000,180.000000,bottom
"SW18","SW_Push","SW_MX_HS_CPG151101S11_1u",57.150000,-57.150000,180.000000,bottom
"SW19","SW_Push","SW_MX_HS_CPG151101S11_1u",76.200000,-57.150000,180.000000,bottom
"SW20","SW_Push","SW_MX_HS_CPG151101S11_1u",95.250000,-57.150000,180.000000,bottom
"SW21","SW_Push","SW_MX_HS_CPG151101S11_1u",114.300000,-57.150000,180.000000,bottom
"SW22","SW_Push","SW_MX_HS_CPG151101S11_1u",133.350000,-57.150000,180.000000,bottom
"SW23","SW_Push","SW_MX_HS_CPG151101S11_1u",152.400000,-57.150000,180.000000,bottom
"SW24","SW_Push","SW_MX_HS_CPG151101S11_1u",171.450000,-57.150000,180.000000,bottom
"SW25","SW_Push","SW_MX_HS_CPG151101S11_1u",190.500000,-57.150000,180.000000,bottom
"SW26","SW_Push","SW_MX_HS_CPG151101S11_1u",209.550000,-57.150000,180.000000,bottom
"SW27","SW_Push","SW_MX_HS_CPG151101S11_1u",228.600000,-57.150000,180.000000,bottom
"SW28","SW_Push","SW_MX_HS_CPG151101S11_1u",247.650000,-57.150000,180.000000,bottom
"SW29","SW_Push","SW_MX_HS_CPG151101S11_1u",266.700000,-57.150000,180.000000,bottom
"SW30","SW_Push","SW_MX_HS_CPG151101S11_1u",295.275000,-57.150000,180.000000,bottom
"SW31","SW_Push","SW_MX_HS_CPG151101S11_1u",323.850000,-57.150000,180.000000,bottom
"SW32","SW_Push","SW_MX_HS_CPG151101S11_1u",42.862500,-76.200000,180.000000,bottom
"SW33","SW_Push","SW_MX_HS_CPG151101S11_1u",66.675000,-76.200000,180.000000,bottom
"SW34","SW_Push","SW_MX_HS_CPG151101S11_1u",85.725000,-76.200000,180.000000,bottom
"SW35","SW_Push","SW_MX_HS_CPG151101S11_1u",104.775000,-76.200000,180.000000,bottom
"SW36","SW_Push","SW_MX_HS_CPG151101S11_1u",123.825000,-76.200000,180.000000,bottom
"SW37","SW_Push","SW_MX_HS_CPG151101S11_1u",142.875000,-76.200000,180.000000,bottom
"SW38","SW_Push","SW_MX_HS_CPG151101S11_1u",161.925000,-76.200000,180.000000,bottom
"SW39","SW_Push","SW_MX_HS_CPG151101S11_1u",180.975000,-76.200000,180.000000,bottom
"SW40","SW_Push","SW_MX_HS_CPG151101S11_1u",200.025000,-76.200000,180.000000,bottom
"SW41","SW_Push","SW_MX_HS_CPG151101S11_1u",219.075000,-76.200000,180.000000,bottom
"SW42","SW_Push","SW_MX_HS_CPG151101S11_1u",238.125000,-76.200000,180.000000,bottom
"SW43","SW_Push","SW_MX_HS_CPG151101S11_1u",257.175000,-76.200000,180.000000,bottom
"SW44","SW_Push","SW_MX_HS_CPG151101S11_1u",276.225000,-76.200000,180.000000,bottom
"SW45","SW_Push","SW_MX_HS_CPG151101S11_1u",300.037500,-76.200000,180.000000,bottom
"SW46","SW_Push","SW_MX_HS_CPG151101S11_1u",323.850000,-76.200000,180.000000,bottom
"SW47","SW_Push","SW_MX_HS_CPG151101S11_1u",45.243750,-95.250000,180.000000,bottom
"SW48","SW_Push","SW_MX_HS_CPG151101S11_1u",71.437500,-95.250000,180.000000,bottom
"SW49","SW_Push","SW_MX_HS_CPG151101S11_1u",90.487500,-95.250000,180.000000,bottom
"SW50","SW_Push","SW_MX_HS_CPG151101S11_1u",109.537500,-95.250000,180.000000,bottom
"SW51","SW_Push","SW_MX_HS_CPG151101S11_1u",128.587500,-95.250000,180.000000,bottom
"SW52","SW_Push","SW_MX_HS_CPG151101S11_1u",147.637500,-95.250000,180.000000,bottom
"SW53","SW_Push","SW_MX_HS_CPG151101S11_1u",166.687500,-95.250000,180.000000,bottom
"SW54","SW_Push","SW_MX_HS_CPG151101S11_1u",185.737500,-95.250000,180.000000,bottom
"SW55","SW_Push","SW_MX_HS_CPG151101S11_1u",204.787500,-95.250000,180.000000,bottom
"SW56","SW_Push","SW_MX_HS_CPG151101S11_1u",223.837500,-95.250000,180.000000,bottom
"SW57","SW_Push","SW_MX_HS_CPG151101S11_1u",242.887500,-95.250000,180.000000,bottom
"SW58","SW_Push","SW_MX_HS_CPG151101S11_1u",261.937500,-95.250000,180.000000,bottom
"SW59","SW_Push","SW_MX_HS_CPG151101S11_1u",292.893750,-95.250000,180.000000,bottom
"SW60","SW_Push","SW_MX_HS_CPG151101S11_1u",323.850000,-95.250000,180.000000,bottom
"SW61","SW_Push","SW_MX_HS_CPG151101S11_1u",50.006250,-114.300000,180.000000,bottom
"SW62","SW_Push","SW_MX_HS_CPG151101S11_1u",80.962500,-114.300000,180.000000,bottom
"SW63","SW_Push","SW_MX_HS_CPG151101S11_1u",100.012500,-114.300000,180.000000,bottom
"SW64","SW_Push","SW_MX_HS_CPG151101S11_1u",119.062500,-114.300000,180.000000,bottom
"SW65","SW_Push","SW_MX_HS_CPG151101S11_1u",138.112500,-114.300000,180.000000,bottom
"SW66","SW_Push","SW_MX_HS_CPG151101S11_1u",157.162500,-114.300000,180.000000,bottom
"SW67","SW_Push","SW_MX_HS_CPG151101S11_1u",176.212500,-114.300000,180.000000,bottom
"SW68","SW_Push","SW_MX_HS_CPG151101S11_1u",195.262500,-114.300000,180.000000,bottom
"SW69","SW_Push","SW_MX_HS_CPG151101S11_1u",214.312500,-114.300000,180.000000,bottom
"SW70","SW_Push","SW_MX_HS_CPG151101S11_1u",233.362500,-114.300000,180.000000,bottom
"SW71","SW_Push","SW_MX_HS_CPG151101S11_1u",252.412500,-114.300000,180.000000,bottom
"SW72","SW_Push","SW_MX_HS_CPG151101S11_1u",278.606250,-114.300000,180.000000,bottom
"SW73","SW_Push","SW_MX_HS_CPG151101S11_1u",304.800000,-114.300000,180.000000,bottom
"SW74","SW_Push","SW_MX_HS_CPG151101S11_1u",323.850000,-114.300000,180.000000,bottom
"SW75","SW_Push","SW_MX_HS_CPG151101S11_1u",40.481250,-133.350000,180.000000,bottom
"SW76","SW_Push","SW_MX_HS_CPG151101S11_1u",64.293750,-133.350000,180.000000,bottom
"SW77","SW_Push","SW_MX_HS_CPG151101S11_1u",88.106250,-133.350000,180.000000,bottom
"SW78","SW_Push","SW_MX_HS_CPG151101S11_1u",159.543750,-133.350000,180.000000,bottom
"SW79","SW_Push","SW_MX_HS_CPG151101S11_1u",228.600000,-133.350000,180.000000,bottom
"SW80","SW_Push","SW_MX_HS_CPG151101S11_1u",247.650000,-133.350000,180.000000,bottom
"SW81","SW_Push","SW_MX_HS_CPG151101S11_1u",266.700000,-133.350000,180.000000,bottom
"SW82","SW_Push","SW_MX_HS_CPG151101S11_1u",285.750000,-133.350000,180.000000,bottom
"SW83","SW_Push","SW_MX_HS_CPG151101S11_1u",304.800000,-133.350000,180.000000,bottom
"SW84","SW_Push","SW_MX_HS_CPG151101S11_1u",323.850000,-133.350000,180.000000,bottom
"SW85","SW_Push","SW_SPST_CK_RS282G05A3",132.100000,-126.000000,0.000000,bottom
"U1","RP2040","QFN-56-1EP_7x7mm_P0.4mm_EP3.2x3.2mm",110.900000,-138.562500,180.000000,bottom
"U2","W25Q16JVSS","SOIC-8_5.3x5.3mm_P1.27mm",121.000000,-128.500000,180.000000,bottom
"U3","XC6206","SOT-23-3",61.500000,-46.000000,0.000000,bottom
"U4","ESD","SOT-23-6",64.172226,-37.701902,180.000000,bottom
"Y1","Crystal_GND24","Crystal_SMD_3225-4Pin_3.2x2.5mm",120.400000,-144.150000,0.000000,bottom
